fecha,cdd,pr,rx5day,tas,tasmax,tasmin
1950-01-01,11.95,52.34,15.19,20.69,24.9,17.61
1950-02-01,13.12,60.15,32.48,21.0,25.3,17.71
1950-03-01,16.75,23.55,13.75,22.35,26.95,18.77
1950-04-01,9.39,87.36,39.6,22.46,26.53,19.3
1950-05-01,5.99,149.57,66.53,23.39,27.38,20.16
1950-06-01,5.14,115.45,61.56,24.29,28.07,21.36
1950-07-01,5.66,76.47,29.11,24.52,28.51,21.47
1950-08-01,6.27,172.11,72.7,25.04,28.95,22.16
1950-09-01,3.1,127.25,41.3,24.89,28.93,21.88
1950-10-01,2.87,118.06,40.24,24.12,28.14,21.14
1950-11-01,6.77,95.92,54.28,22.76,26.47,19.95
1950-12-01,6.19,84.78,45.05,22.01,25.72,19.21
1951-01-01,8.89,41.65,17.45,20.86,25.13,17.54
1951-02-01,14.0,26.95,17.28,20.54,25.24,16.88
1951-03-01,21.0,22.22,11.41,21.44,26.43,17.55
1951-04-01,7.98,154.74,76.95,23.71,28.09,20.23
1951-05-01,3.08,255.56,97.72,24.03,27.82,21.09
1951-06-01,4.36,106.18,38.84,24.76,28.68,21.47
1951-07-01,3.75,119.47,34.82,24.97,28.77,21.88
1951-08-01,3.94,101.31,33.06,25.48,29.63,22.18
1951-09-01,3.02,133.09,41.69,25.15,29.45,22.02
1951-10-01,4.26,95.7,39.72,24.77,29.05,21.56
1951-11-01,5.59,86.98,48.18,23.78,28.16,20.67
1951-12-01,11.59,56.77,29.14,22.38,26.71,19.15
1952-01-01,15.25,31.86,12.09,21.08,25.63,17.61
1952-02-01,13.24,23.61,13.86,22.18,26.75,18.71
1952-03-01,11.53,32.09,16.71,23.09,27.55,19.62
1952-04-01,5.52,187.74,71.7,23.32,27.32,20.29
1952-05-01,2.68,175.4,72.58,24.56,28.47,21.44
1952-06-01,4.34,90.73,32.84,25.11,29.16,21.77
1952-07-01,3.88,101.88,34.89,24.85,28.76,21.65
1952-08-01,2.9,94.95,32.79,25.24,29.24,21.97
1952-09-01,3.15,137.5,49.63,24.64,28.62,21.71
1952-10-01,6.31,66.7,26.31,24.67,28.6,21.54
1952-11-01,8.46,40.42,17.84,22.94,27.32,19.55
1952-12-01,12.3,27.66,14.06,21.5,25.68,18.17
1953-01-01,7.91,58.01,27.68,21.39,25.68,18.08
1953-02-01,13.1,20.12,9.54,21.94,26.47,18.24
1953-03-01,17.63,42.85,25.88,22.54,26.95,18.93
1953-04-01,8.6,39.92,14.21,23.86,28.15,20.35
1953-05-01,5.31,234.02,86.54,23.36,27.14,20.34
1953-06-01,3.04,127.88,40.0,24.21,27.94,21.08
1953-07-01,2.71,108.07,33.85,24.57,28.41,21.48
1953-08-01,5.6,71.61,22.79,25.01,28.92,21.85
1953-09-01,6.0,95.68,35.02,24.93,29.03,21.77
1953-10-01,4.51,98.02,38.64,24.16,28.15,21.02
1953-11-01,4.99,68.03,29.53,23.55,27.42,20.58
1953-12-01,9.57,71.36,49.38,22.5,26.45,19.37
1954-01-01,15.76,26.67,12.68,21.68,26.1,18.14
1954-02-01,4.42,169.88,79.2,21.09,24.8,18.14
1954-03-01,9.79,29.51,12.47,22.54,26.56,19.2
1954-04-01,10.41,61.1,36.94,22.85,27.3,19.28
1954-05-01,4.82,118.25,43.97,23.97,27.83,20.9
1954-06-01,6.12,116.27,52.54,24.4,28.49,20.98
1954-07-01,3.74,99.87,35.55,24.7,28.65,21.44
1954-08-01,4.01,90.98,35.76,24.95,28.98,21.67
1954-09-01,2.67,142.17,55.16,24.43,28.26,21.48
1954-10-01,4.58,273.8,151.11,23.03,26.65,20.26
1954-11-01,7.46,52.69,23.0,22.78,26.74,19.56
1954-12-01,10.07,43.64,20.17,21.36,25.49,17.96
1955-01-01,13.25,49.9,43.26,21.02,25.55,17.4
1955-02-01,7.74,50.35,43.98,21.07,25.26,17.91
1955-03-01,20.2,18.48,13.23,21.8,26.71,17.84
1955-04-01,9.0,97.41,69.08,22.5,26.98,18.92
1955-05-01,5.6,200.97,99.64,23.16,26.87,20.04
1955-06-01,4.73,136.03,80.61,24.14,27.81,21.1
1955-07-01,3.89,107.67,40.52,24.41,28.28,21.41
1955-08-01,3.61,133.2,42.93,25.1,29.1,21.82
1955-09-01,2.79,132.81,44.66,24.79,28.81,21.55
1955-10-01,3.65,139.95,61.19,24.25,28.03,21.06
1955-11-01,9.41,79.55,41.33,23.44,27.36,19.96
1955-12-01,10.6,34.76,41.55,22.19,26.34,18.57
1956-01-01,16.37,28.62,33.64,20.47,25.21,16.44
1956-02-01,11.58,81.48,55.19,21.28,25.46,17.68
1956-03-01,13.93,157.52,82.25,22.37,26.42,19.07
1956-04-01,6.47,58.5,27.23,23.42,27.36,19.9
1956-05-01,6.11,115.55,44.04,23.9,27.81,20.6
1956-06-01,4.38,123.62,64.81,24.26,28.18,20.78
1956-07-01,6.16,70.64,32.28,25.0,29.09,21.15
1956-08-01,4.76,71.87,22.58,25.29,29.56,21.45
1956-09-01,6.09,65.04,24.24,25.1,29.5,21.37
1956-10-01,3.84,178.45,103.19,24.19,28.19,20.94
1956-11-01,8.23,53.36,66.2,23.04,26.88,19.54
1956-12-01,15.41,38.51,13.81,22.2,26.47,18.34
1957-01-01,14.33,27.4,10.1,21.9,26.24,17.97
1957-02-01,14.22,32.98,17.56,21.87,26.44,17.76
1957-03-01,9.98,70.07,40.04,22.53,26.94,18.53
1957-04-01,12.09,43.61,19.2,23.51,27.89,19.55
1957-05-01,7.69,75.11,38.81,24.53,28.69,20.85
1957-06-01,5.19,121.66,45.75,24.79,28.84,21.33
1957-07-01,7.49,60.27,23.82,25.77,30.49,21.7
1957-08-01,4.71,95.56,33.15,25.79,30.48,22.06
1957-09-01,3.02,130.51,41.45,25.21,29.89,21.7
1957-10-01,5.02,93.16,34.39,24.38,28.91,20.88
1957-11-01,9.06,44.36,20.14,23.98,28.25,20.55
1957-12-01,10.91,76.79,32.57,22.8,26.89,19.65
1958-01-01,8.6,78.08,39.31,22.13,25.86,19.32
1958-02-01,6.8,70.74,33.05,21.58,25.44,18.54
1958-03-01,17.79,39.35,18.98,23.86,28.8,19.91
1958-04-01,7.12,61.73,29.99,24.97,29.68,21.13
1958-05-01,2.22,239.53,85.6,24.6,28.49,21.65
1958-06-01,3.28,189.44,84.83,24.99,28.9,21.86
1958-07-01,5.52,85.54,32.03,25.39,29.7,21.93
1958-08-01,5.68,81.61,32.7,25.79,30.57,22.22
1958-09-01,3.74,88.89,32.44,25.68,30.22,22.13
1958-10-01,5.57,89.33,36.19,24.8,29.24,21.36
1958-11-01,12.73,58.25,34.57,24.1,28.28,20.61
1958-12-01,16.18,17.2,6.98,23.5,28.03,19.65
1959-01-01,10.27,35.01,16.27,22.55,26.75,19.03
1959-02-01,14.07,17.01,7.12,22.81,27.46,19.02
1959-03-01,15.92,20.93,8.78,23.7,28.48,19.64
1959-04-01,7.9,132.46,58.72,23.82,27.77,20.49
1959-05-01,5.31,96.92,40.68,23.88,27.84,20.32
1959-06-01,8.08,66.97,31.57,24.95,29.72,21.14
1959-07-01,5.98,101.06,29.34,25.03,29.73,21.42
1959-08-01,5.93,83.29,31.5,24.99,29.86,21.42
1959-09-01,4.15,95.78,35.97,25.04,29.68,21.7
1959-10-01,5.72,110.97,42.51,24.15,28.6,21.06
1959-11-01,3.66,101.47,32.95,22.91,27.27,19.87
1959-12-01,7.97,52.1,22.61,22.6,26.88,19.47
1960-01-01,8.26,62.3,32.33,22.13,26.48,18.91
1960-02-01,7.95,57.16,26.04,22.62,26.99,19.39
1960-03-01,6.94,153.37,75.0,22.39,26.48,19.28
1960-04-01,5.06,171.02,66.96,23.09,27.3,20.0
1960-05-01,3.97,117.72,43.52,24.19,28.55,20.85
1960-06-01,3.66,105.91,39.8,24.68,28.88,21.57
1960-07-01,3.11,93.37,26.12,25.12,29.75,21.68
1960-08-01,3.94,119.25,55.86,24.79,29.25,21.53
1960-09-01,4.53,119.2,49.2,24.65,29.19,21.48
1960-10-01,3.18,121.46,37.99,24.0,28.62,20.84
1960-11-01,4.3,84.17,55.27,23.45,27.51,20.63
1960-12-01,9.79,88.29,66.79,21.48,25.29,18.6
1961-01-01,10.52,28.62,13.5,22.24,26.85,18.68
1961-02-01,11.15,46.54,24.89,22.27,26.89,18.63
1961-03-01,13.14,80.31,36.55,22.48,27.11,19.0
1961-04-01,7.7,121.47,77.89,23.38,27.65,20.08
1961-05-01,4.96,124.05,56.15,23.95,28.2,20.66
1961-06-01,5.28,103.01,37.45,24.38,28.91,21.03
1961-07-01,3.8,97.59,28.58,24.74,29.11,21.41
1961-08-01,4.51,128.8,60.13,24.9,29.34,21.66
1961-09-01,4.05,91.56,33.46,24.43,29.05,21.07
1961-10-01,3.31,159.85,53.28,23.51,27.58,20.79
1961-11-01,8.24,99.77,64.73,22.1,26.08,19.14
1961-12-01,9.87,105.79,75.72,21.77,25.65,18.83
1962-01-01,15.11,27.27,12.62,22.05,26.53,18.54
1962-02-01,16.62,19.16,9.6,21.65,26.57,17.77
1962-03-01,14.75,63.51,35.68,22.5,27.47,18.68
1962-04-01,6.77,94.47,44.51,23.1,27.35,19.95
1962-05-01,3.45,147.26,51.57,23.04,27.09,20.06
1962-06-01,3.31,121.61,41.31,24.37,28.71,21.11
1962-07-01,5.27,63.25,22.02,25.3,29.96,21.66
1962-08-01,6.09,104.93,55.36,25.15,29.72,21.79
1962-09-01,6.43,83.7,31.17,24.83,29.57,21.4
1962-10-01,6.69,77.98,37.62,24.41,29.02,21.1
1962-11-01,8.57,62.41,29.2,23.0,27.33,19.88
1962-12-01,9.11,60.9,35.72,22.4,26.54,19.43
1963-01-01,13.1,32.82,15.44,21.67,26.28,18.34
1963-02-01,14.54,37.63,23.63,22.3,27.09,18.71
1963-03-01,21.53,95.05,70.15,22.71,27.83,19.05
1963-04-01,10.19,115.71,70.57,22.79,27.25,19.51
1963-05-01,2.76,152.88,58.0,23.25,27.3,20.35
1963-06-01,5.93,97.19,38.85,24.68,28.81,21.41
1963-07-01,4.41,93.81,37.26,24.98,29.37,21.71
1963-08-01,4.85,109.09,38.97,25.23,29.6,21.95
1963-09-01,2.57,167.56,64.84,24.87,29.12,21.79
1963-10-01,3.68,261.67,133.95,23.75,27.19,21.21
1963-11-01,4.93,121.16,61.87,22.69,26.46,19.93
1963-12-01,7.2,49.03,18.68,22.68,26.63,19.64
1964-01-01,9.74,28.88,12.58,21.9,26.2,18.56
1964-02-01,10.94,32.65,19.26,22.76,27.5,19.18
1964-03-01,12.83,31.35,34.29,23.35,28.16,19.72
1964-04-01,4.4,116.99,54.17,23.07,27.25,19.97
1964-05-01,7.22,94.67,46.02,24.25,28.5,20.82
1964-06-01,4.17,102.43,42.16,24.7,29.03,21.24
1964-07-01,4.58,104.22,39.0,24.98,29.06,21.73
1964-08-01,4.34,131.7,63.6,25.23,29.58,21.94
1964-09-01,3.8,119.01,44.87,24.77,29.2,21.54
1964-10-01,4.04,92.23,32.98,24.29,28.59,21.08
1964-11-01,9.9,58.52,26.85,23.11,27.32,19.96
1964-12-01,14.24,33.47,11.22,21.34,25.52,18.24
1965-01-01,11.98,23.67,11.81,20.81,25.53,17.31
1965-02-01,16.87,27.0,15.58,21.72,26.46,18.14
1965-03-01,14.48,35.14,21.4,22.99,27.91,19.34
1965-04-01,16.32,26.88,23.22,23.29,28.52,19.34
1965-05-01,1.89,290.48,126.51,22.89,26.72,20.22
1965-06-01,4.39,82.33,34.39,24.0,27.96,20.69
1965-07-01,4.54,67.96,20.44,24.97,29.31,21.48
1965-08-01,5.25,82.9,29.67,25.03,29.47,21.54
1965-09-01,3.1,86.73,29.05,24.9,29.35,21.55
1965-10-01,5.97,58.8,21.26,24.87,29.33,21.48
1965-11-01,3.99,97.46,38.46,23.26,27.31,20.42
1965-12-01,11.58,50.14,26.28,22.27,26.35,19.2
1966-01-01,9.91,44.56,22.36,22.3,26.78,19.11
1966-02-01,13.29,21.37,13.17,22.09,26.74,18.6
1966-03-01,16.04,81.21,40.3,22.84,27.48,19.43
1966-04-01,10.92,88.8,53.31,23.33,27.69,20.08
1966-05-01,6.29,174.1,87.5,23.79,27.73,20.79
1966-06-01,5.5,55.86,17.7,24.79,28.89,21.4
1966-07-01,4.59,98.24,38.42,25.3,29.59,21.93
1966-08-01,5.51,77.62,32.88,25.5,30.06,22.05
1966-09-01,6.3,80.48,43.07,25.1,29.61,21.67
1966-10-01,3.86,137.71,60.14,23.99,28.01,21.0
1966-11-01,6.32,87.02,43.62,22.18,25.91,19.44
1966-12-01,7.82,67.43,30.23,21.53,25.19,18.84
1967-01-01,13.18,29.81,12.59,21.87,26.47,18.34
1967-02-01,10.04,36.28,20.14,21.97,26.63,18.3
1967-03-01,10.06,44.73,24.46,21.83,26.66,18.21
1967-04-01,9.18,54.88,32.36,22.49,27.28,19.03
1967-05-01,8.69,40.2,18.24,24.23,28.93,20.51
1967-06-01,6.35,90.5,38.11,24.85,29.22,21.33
1967-07-01,6.65,55.88,17.68,25.18,29.15,21.84
1967-08-01,8.33,50.15,17.38,25.22,29.52,21.77
1967-09-01,8.32,102.98,69.82,24.95,29.19,21.51
1967-10-01,4.38,70.29,24.66,24.54,28.74,21.13
1967-11-01,5.9,59.42,22.95,23.56,27.54,20.59
1967-12-01,15.71,18.21,7.08,22.29,26.6,18.88
1968-01-01,10.04,38.19,16.01,21.4,25.51,18.19
1968-02-01,6.07,70.29,27.12,21.43,25.15,18.41
1968-03-01,10.1,35.3,13.86,21.71,25.85,18.37
1968-04-01,14.14,39.36,23.78,22.1,26.5,18.48
1968-05-01,7.66,95.31,33.73,24.09,28.19,20.65
1968-06-01,4.32,97.05,32.66,24.55,28.38,21.19
1968-07-01,4.05,79.49,35.33,24.78,28.9,21.31
1968-08-01,5.17,92.69,35.59,25.09,29.23,21.7
1968-09-01,4.85,77.7,35.0,25.03,29.09,21.51
1968-10-01,5.45,67.18,24.4,24.92,29.09,21.37
1968-11-01,5.89,76.84,31.05,24.03,27.74,20.99
1968-12-01,5.95,114.08,70.62,22.52,25.85,19.87
1969-01-01,7.76,58.54,27.49,21.66,25.43,18.52
1969-02-01,9.05,41.57,21.89,21.82,25.87,18.51
1969-03-01,8.01,39.88,22.42,23.53,27.57,20.31
1969-04-01,6.72,103.47,44.22,24.31,28.17,21.14
1969-05-01,2.99,191.62,70.17,24.75,28.38,21.84
1969-06-01,3.86,115.34,37.64,25.56,29.35,22.47
1969-07-01,5.51,81.6,33.56,25.53,29.69,22.1
1969-08-01,5.79,74.89,32.0,25.54,29.54,22.3
1969-09-01,3.96,102.11,32.4,25.16,29.28,22.05
1969-10-01,3.68,149.64,71.57,24.79,28.74,21.9
1969-11-01,5.26,118.3,57.69,23.59,27.06,20.97
1969-12-01,7.05,62.56,28.06,22.63,26.08,19.91
1970-01-01,6.54,60.69,31.38,22.37,26.0,19.59
1970-02-01,9.28,66.88,34.5,22.2,25.85,19.3
1970-03-01,10.94,38.28,21.32,22.94,27.02,19.67
1970-04-01,13.52,38.42,38.71,24.12,28.48,20.66
1970-05-01,8.04,145.08,63.17,23.89,27.54,21.05
1970-06-01,4.0,136.61,68.28,24.96,28.7,22.01
1970-07-01,6.15,79.35,30.15,25.25,29.17,22.11
1970-08-01,4.89,95.5,36.34,25.26,29.35,22.14
1970-09-01,2.51,117.82,40.36,24.68,28.6,21.78
1970-10-01,2.8,155.0,65.04,24.25,28.08,21.23
1970-11-01,8.31,90.34,50.34,23.12,26.85,20.09
1970-12-01,10.75,57.07,33.83,22.31,25.98,19.43
1971-01-01,10.78,37.71,20.56,21.92,25.86,18.68
1971-02-01,8.02,50.89,29.54,21.98,25.8,18.75
1971-03-01,11.75,52.51,29.85,22.83,26.82,19.53
1971-04-01,7.5,145.1,93.82,22.67,26.54,19.38
1971-05-01,8.33,144.28,58.1,24.05,27.8,20.99
1971-06-01,5.79,55.86,23.02,24.85,28.61,21.65
1971-07-01,5.09,66.31,21.77,24.77,28.63,21.5
1971-08-01,4.55,94.13,31.24,24.82,28.75,21.69
1971-09-01,5.75,82.28,31.49,24.89,28.98,21.75
1971-10-01,3.64,145.11,51.3,23.88,27.91,21.1
1971-11-01,6.51,101.12,60.41,23.17,26.83,20.16
1971-12-01,9.82,37.28,11.3,22.14,26.05,19.1
1972-01-01,9.73,41.7,21.95,21.88,26.04,18.63
1972-02-01,10.98,48.96,28.77,22.17,26.23,18.98
1972-03-01,4.72,116.64,48.52,22.16,25.95,19.07
1972-04-01,6.95,78.31,39.51,23.5,27.39,20.22
1972-05-01,4.35,127.04,50.14,24.08,27.55,21.13
1972-06-01,5.19,118.62,67.55,24.95,28.51,22.06
1972-07-01,5.61,99.97,35.17,25.14,29.12,22.1
1972-08-01,3.59,91.87,38.22,25.04,28.88,22.09
1972-09-01,3.72,133.46,54.15,24.87,28.83,21.82
1972-10-01,3.49,137.38,52.92,24.42,28.13,21.67
1972-11-01,5.79,48.53,19.26,24.06,27.89,21.07
1972-12-01,8.57,62.18,28.51,22.79,26.46,20.08
1973-01-01,9.18,40.82,18.26,22.76,26.73,19.61
1973-02-01,4.41,60.68,23.26,22.3,25.87,19.62
1973-03-01,6.05,57.57,22.55,23.47,27.2,20.46
1973-04-01,15.73,66.87,40.63,23.97,27.92,20.79
1973-05-01,5.28,88.49,38.09,24.73,28.44,21.66
1973-06-01,2.1,149.91,45.93,24.93,28.54,21.9
1973-07-01,3.98,99.39,35.48,25.46,29.25,22.49
1973-08-01,2.34,159.85,52.78,25.18,28.98,22.42
1973-09-01,2.79,132.77,43.45,25.07,28.91,22.33
1973-10-01,3.42,179.94,72.14,24.51,28.16,21.88
1973-11-01,6.8,59.05,26.6,23.18,26.87,20.33
1973-12-01,8.21,52.13,17.98,21.5,25.29,18.51
1974-01-01,12.95,41.26,14.65,21.75,25.54,18.75
1974-02-01,12.17,92.28,57.37,22.01,25.77,18.87
1974-03-01,6.46,97.38,74.03,22.32,26.11,19.18
1974-04-01,7.79,86.51,56.57,22.97,26.88,19.67
1974-05-01,5.1,145.3,59.21,23.64,27.25,20.79
1974-06-01,3.71,94.9,33.88,24.52,28.3,21.39
1974-07-01,5.43,74.75,24.78,25.18,29.05,21.9
1974-08-01,5.75,104.83,44.9,25.28,28.94,22.34
1974-09-01,1.44,215.59,68.66,24.4,28.19,21.69
1974-10-01,2.4,159.56,54.66,24.03,27.71,21.28
1974-11-01,3.85,139.11,56.81,23.2,26.68,20.62
1974-12-01,10.93,70.47,49.94,22.27,25.71,19.43
1975-01-01,13.59,27.48,9.82,21.59,25.4,18.48
1975-02-01,15.05,17.09,11.0,22.01,26.06,18.41
1975-03-01,11.88,53.93,33.42,22.67,26.55,19.31
1975-04-01,11.12,42.86,22.61,23.72,27.41,20.54
1975-05-01,4.6,98.47,37.97,24.07,27.58,21.02
1975-06-01,5.41,66.98,27.08,25.15,28.77,21.97
1975-07-01,5.53,84.69,28.62,25.02,28.84,21.88
1975-08-01,4.26,92.65,29.62,25.29,29.11,22.24
1975-09-01,3.06,173.0,93.5,24.69,28.35,21.73
1975-10-01,3.79,109.05,38.54,24.21,27.7,21.57
1975-11-01,5.06,120.19,54.66,23.28,26.71,20.72
1975-12-01,6.19,86.96,38.77,21.05,24.34,18.41
1976-01-01,10.89,25.8,10.01,20.97,24.83,17.74
1976-02-01,9.34,35.95,12.42,21.28,24.99,18.17
1976-03-01,11.59,38.15,17.48,21.72,25.52,18.4
1976-04-01,10.48,143.8,68.3,22.51,26.12,19.59
1976-05-01,5.35,56.09,19.34,24.02,27.4,20.93
1976-06-01,4.3,94.94,28.78,24.27,27.71,21.22
1976-07-01,7.76,51.09,18.11,24.96,28.68,21.63
1976-08-01,5.69,87.16,30.62,24.99,28.93,21.65
1976-09-01,3.4,97.4,33.99,24.99,28.93,21.72
1976-10-01,4.46,128.32,57.33,24.55,28.31,21.66
1976-11-01,8.74,39.54,16.85,24.37,28.21,21.22
1976-12-01,11.91,39.1,17.53,23.1,27.13,19.88
1977-01-01,9.01,44.62,20.2,22.48,26.21,19.29
1977-02-01,9.9,29.53,15.79,23.0,27.0,19.46
1977-03-01,14.57,30.38,14.41,23.27,27.44,19.62
1977-04-01,7.4,125.34,61.52,23.27,27.03,20.05
1977-05-01,4.5,222.31,92.68,23.92,27.19,21.14
1977-06-01,6.5,46.57,16.24,25.16,28.65,21.68
1977-07-01,4.47,70.75,22.14,25.19,28.96,21.73
1977-08-01,3.58,134.03,42.79,25.09,28.94,22.02
1977-09-01,2.86,125.05,47.87,25.02,28.8,21.83
1977-10-01,2.9,156.63,55.27,24.63,28.3,21.53
1977-11-01,2.46,95.1,38.46,23.74,27.12,20.85
1977-12-01,8.97,62.47,43.17,23.07,26.27,20.1
1978-01-01,8.31,44.79,28.1,22.46,26.1,19.09
1978-02-01,9.79,57.24,31.38,22.15,25.88,19.0
1978-03-01,6.14,110.14,68.04,23.03,26.84,19.83
1978-04-01,3.22,175.59,73.17,23.0,26.5,20.11
1978-05-01,3.22,145.51,55.83,24.35,27.91,21.28
1978-06-01,4.18,91.68,37.54,24.9,28.89,21.47
1978-07-01,7.31,76.42,25.79,25.04,29.43,21.57
1978-08-01,5.03,120.35,46.01,25.06,29.2,21.76
1978-09-01,3.85,143.13,57.62,24.94,28.89,21.6
1978-10-01,2.9,156.8,69.0,24.52,28.05,21.38
1978-11-01,5.42,82.83,41.52,23.72,27.31,20.74
1978-12-01,12.79,27.45,10.61,22.9,26.75,19.49
1979-01-01,11.57,24.49,9.57,22.01,26.13,18.53
1979-02-01,13.58,32.99,16.23,22.28,26.34,18.67
1979-03-01,9.12,95.35,47.77,22.03,25.79,18.68
1979-04-01,9.9,124.72,72.83,23.12,26.76,19.61
1979-05-01,2.18,254.16,82.51,23.66,27.5,20.35
1979-06-01,4.52,231.63,95.75,24.71,28.26,21.4
1979-07-01,4.88,126.51,59.2,25.18,28.71,21.66
1979-08-01,4.29,185.59,118.82,25.13,28.98,21.69
1979-09-01,2.59,222.39,149.92,24.46,27.83,21.45
1979-10-01,2.46,162.04,60.08,24.57,28.41,21.18
1979-11-01,4.87,96.02,40.05,23.26,26.99,20.13
1979-12-01,10.74,35.66,14.81,22.08,26.04,18.94
1980-01-01,12.28,29.86,15.03,22.06,26.02,18.52
1980-02-01,8.33,53.62,22.16,22.33,26.07,19.15
1980-03-01,10.18,38.3,19.14,22.88,26.83,19.31
1980-04-01,9.98,134.46,63.99,23.76,27.45,20.5
1980-05-01,2.4,231.15,89.2,24.48,28.18,21.34
1980-06-01,4.52,83.74,36.7,25.57,29.04,22.13
1980-07-01,4.85,92.47,29.94,25.63,29.38,22.22
1980-08-01,3.44,164.38,80.09,25.33,29.0,21.93
1980-09-01,2.74,120.62,39.45,25.16,28.97,21.89
1980-10-01,3.87,118.29,37.34,24.82,28.74,21.61
1980-11-01,11.19,34.43,18.93,24.09,28.23,20.67
1980-12-01,11.56,71.06,25.28,22.57,26.47,19.67
1981-01-01,6.2,68.16,24.74,21.93,25.62,18.98
1981-02-01,7.87,40.47,16.3,22.26,26.19,18.93
1981-03-01,7.03,86.17,50.03,22.98,26.89,19.79
1981-04-01,7.93,87.28,51.03,23.28,27.24,19.82
1981-05-01,1.23,256.55,72.42,24.03,27.68,21.07
1981-06-01,5.41,134.32,58.9,24.53,28.22,21.35
1981-07-01,2.78,122.45,43.01,24.9,28.7,21.62
1981-08-01,4.29,116.02,43.94,25.04,28.88,21.85
1981-09-01,4.64,91.33,30.44,25.16,29.29,21.76
1981-10-01,2.04,155.11,52.28,24.13,28.2,21.11
1981-11-01,4.93,94.74,48.9,23.58,27.49,20.54
1981-12-01,6.21,85.34,38.73,22.44,26.22,19.53
1982-01-01,9.64,47.85,24.67,22.06,25.96,18.81
1982-02-01,6.67,59.96,29.98,21.77,25.64,18.44
1982-03-01,13.99,26.88,16.78,22.66,26.93,18.87
1982-04-01,7.56,67.96,55.02,23.37,27.49,19.81
1982-05-01,2.6,308.04,111.23,23.29,27.0,20.26
1982-06-01,4.81,114.36,48.41,24.72,28.4,21.39
1982-07-01,5.75,100.65,30.5,24.64,28.59,21.34
1982-08-01,5.82,66.4,22.71,25.05,29.02,21.7
1982-09-01,3.95,99.81,41.71,24.97,29.0,21.61
1982-10-01,5.26,86.94,38.74,24.37,28.49,21.05
1982-11-01,7.9,62.76,21.79,23.01,27.03,19.79
1982-12-01,10.29,42.04,16.25,21.62,25.45,18.46
1983-01-01,9.09,53.71,33.01,22.48,26.37,19.2
1983-02-01,9.36,49.7,27.92,22.54,26.55,19.29
1983-03-01,4.71,84.71,29.6,23.55,27.26,20.49
1983-04-01,4.96,100.51,60.26,23.51,27.32,20.19
1983-05-01,2.12,195.98,63.08,24.3,28.0,21.25
1983-06-01,4.08,144.66,71.18,25.36,28.99,22.07
1983-07-01,4.17,119.17,46.8,25.48,29.06,22.5
1983-08-01,3.44,111.0,37.81,25.36,29.14,22.27
1983-09-01,3.82,119.46,44.59,25.2,29.05,21.99
1983-10-01,3.87,102.3,38.99,24.49,28.44,21.29
1983-11-01,9.65,66.44,39.74,23.65,27.55,20.47
1983-12-01,13.24,29.22,9.1,23.06,27.04,19.63
1984-01-01,10.15,44.94,19.65,22.28,26.36,18.98
1984-02-01,13.05,75.07,44.67,22.35,26.34,18.92
1984-03-01,8.95,42.92,21.88,22.92,27.04,19.26
1984-04-01,5.08,64.48,25.45,23.94,27.83,20.34
1984-05-01,6.5,116.53,54.4,24.23,27.98,20.8
1984-06-01,2.6,194.62,81.29,24.47,28.06,21.41
1984-07-01,3.58,98.66,36.6,24.76,28.55,21.12
1984-08-01,4.14,87.61,34.65,24.97,28.96,21.23
1984-09-01,3.43,177.69,77.81,24.34,28.14,21.0
1984-10-01,3.8,117.45,43.34,23.67,27.35,20.56
1984-11-01,7.77,76.27,40.89,23.03,26.55,19.95
1984-12-01,10.5,40.76,14.36,21.84,25.56,18.45
1985-01-01,7.82,31.6,14.72,21.81,25.8,18.24
1985-02-01,9.68,40.17,16.45,21.92,25.81,18.27
1985-03-01,11.5,77.47,42.4,22.32,26.31,18.66
1985-04-01,5.46,91.91,51.53,22.86,26.55,19.4
1985-05-01,5.31,111.67,53.41,23.98,27.6,20.67
1985-06-01,7.38,77.76,36.12,24.9,28.76,21.19
1985-07-01,3.67,98.36,30.78,25.19,29.24,21.52
1985-08-01,3.64,94.32,28.78,25.1,29.37,21.75
1985-09-01,2.88,143.12,59.87,24.68,28.64,21.33
1985-10-01,5.65,231.26,115.27,23.73,27.28,20.69
1985-11-01,6.21,100.55,53.39,23.45,26.91,20.23
1985-12-01,13.68,22.78,7.74,22.09,26.39,18.67
1986-01-01,8.49,53.74,33.09,21.69,25.52,18.07
1986-02-01,11.76,28.35,22.11,21.66,25.9,17.67
1986-03-01,7.46,68.46,58.69,22.54,26.28,19.0
1986-04-01,2.8,199.01,79.28,22.92,26.49,19.62
1986-05-01,1.96,289.16,150.37,23.47,26.96,20.32
1986-06-01,4.55,177.51,124.34,24.28,27.66,21.01
1986-07-01,6.25,63.15,18.83,25.14,28.76,21.45
1986-08-01,4.22,102.5,43.88,25.23,28.91,21.67
1986-09-01,4.03,105.64,39.27,24.89,28.72,21.41
1986-10-01,5.53,134.11,70.01,24.49,28.26,21.13
1986-11-01,5.77,73.54,26.6,23.65,27.12,20.56
1986-12-01,14.02,24.14,9.75,22.95,26.71,19.35
1987-01-01,9.17,33.69,15.84,22.16,26.09,18.72
1987-02-01,9.35,41.92,25.68,22.43,26.25,19.11
1987-03-01,8.5,99.73,50.82,22.92,26.6,19.55
1987-04-01,3.12,192.39,67.63,23.94,27.39,21.0
1987-05-01,2.22,211.33,74.33,24.15,27.6,21.2
1987-06-01,2.27,209.1,76.36,24.63,28.11,21.42
1987-07-01,4.13,84.05,24.67,25.53,29.12,22.24
1987-08-01,4.95,67.44,23.14,25.94,29.75,22.44
1987-09-01,3.74,139.12,56.79,25.43,29.09,22.0
1987-10-01,2.54,155.68,56.53,24.61,28.32,21.52
1987-11-01,5.35,114.25,59.1,24.14,27.69,21.09
1987-12-01,6.56,134.67,75.6,23.26,26.53,20.43
1988-01-01,11.17,57.93,38.55,22.32,26.17,19.04
1988-02-01,9.26,40.78,29.25,22.29,26.25,18.92
1988-03-01,11.36,61.44,31.33,22.9,26.87,19.23
1988-04-01,5.97,126.89,67.63,23.51,27.23,20.29
1988-05-01,3.51,115.58,54.08,24.52,28.04,21.33
1988-06-01,4.92,135.77,52.55,25.39,29.22,22.13
1988-07-01,3.26,127.5,38.95,25.12,29.32,21.86
1988-08-01,2.53,182.45,63.29,24.92,28.89,21.92
1988-09-01,3.67,212.43,123.72,24.71,28.57,21.59
1988-10-01,2.88,105.07,34.88,24.27,28.19,20.98
1988-11-01,5.42,67.52,28.28,23.47,27.25,20.25
1988-12-01,8.92,40.31,15.63,22.25,26.06,18.9
1989-01-01,10.07,41.58,15.14,21.88,25.78,18.45
1989-02-01,9.76,78.13,39.47,21.7,25.46,18.35
1989-03-01,6.33,84.2,44.7,21.88,25.79,18.29
1989-04-01,7.14,58.65,20.8,23.16,26.95,19.71
1989-05-01,7.18,123.02,58.54,23.82,27.65,20.22
1989-06-01,6.12,73.14,35.96,24.72,28.38,21.27
1989-07-01,3.68,93.53,29.5,25.2,29.23,21.78
1989-08-01,4.27,125.39,38.98,25.41,29.58,22.14
1989-09-01,3.78,129.0,49.69,25.04,29.16,21.88
1989-10-01,5.59,92.69,35.06,24.59,28.43,21.4
1989-11-01,8.29,39.82,16.92,23.98,28.04,20.67
1989-12-01,12.59,41.02,22.31,23.0,27.31,19.57
1990-01-01,11.91,42.32,15.74,22.36,26.43,18.98
1990-02-01,9.2,39.89,14.24,22.33,26.28,18.88
1990-03-01,8.99,50.45,27.28,22.56,26.66,19.15
1990-04-01,6.7,78.38,33.32,23.48,27.57,20.15
1990-05-01,10.05,58.63,31.5,24.84,29.1,21.34
1990-06-01,4.88,136.29,67.98,25.09,28.84,21.76
1990-07-01,4.7,98.59,36.29,25.35,29.47,21.87
1990-08-01,5.29,88.85,34.69,25.82,30.05,22.17
1990-09-01,5.84,89.1,33.46,25.51,29.9,22.06
1990-10-01,1.06,324.77,110.84,24.26,27.94,21.78
1990-11-01,5.46,135.48,64.43,23.43,26.86,20.75
1990-12-01,11.52,47.72,20.21,22.11,25.9,19.09
1991-01-01,19.14,20.33,8.31,22.17,26.54,18.47
1991-02-01,14.82,48.77,25.96,22.59,26.72,19.2
1991-03-01,8.24,37.81,15.55,23.02,27.22,19.52
1991-04-01,5.86,84.33,37.28,23.25,27.27,20.03
1991-05-01,4.95,123.82,45.98,24.03,27.81,20.98
1991-06-01,6.33,81.5,28.21,25.28,29.38,21.78
1991-07-01,6.71,61.7,25.2,25.65,29.8,22.16
1991-08-01,5.88,94.8,33.79,25.57,29.94,22.07
1991-09-01,4.07,121.07,62.86,25.27,29.47,21.85
1991-10-01,3.68,100.55,35.14,24.28,28.64,21.04
1991-11-01,6.47,69.26,27.41,23.44,27.23,20.57
1991-12-01,13.07,29.85,13.15,21.99,26.22,18.6
1992-01-01,11.83,46.47,28.86,22.12,26.5,18.93
1992-02-01,12.37,39.63,18.35,22.56,27.05,19.19
1992-03-01,14.66,53.88,26.21,23.25,27.88,19.88
1992-04-01,5.45,177.63,97.99,23.46,27.38,20.49
1992-05-01,3.71,302.01,148.75,23.28,26.99,20.57
1992-06-01,4.37,100.89,48.43,24.98,28.74,21.62
1992-07-01,8.21,68.07,20.41,25.22,29.36,21.71
1992-08-01,4.82,84.66,28.47,25.09,29.47,21.76
1992-09-01,3.59,144.27,49.77,24.41,28.61,21.38
1992-10-01,4.4,74.22,30.6,24.52,28.73,21.25
1992-11-01,5.03,82.53,36.25,23.58,27.55,20.46
1992-12-01,11.45,53.39,35.03,22.32,26.28,19.37
1993-01-01,10.16,71.14,47.58,21.87,25.8,18.94
1993-02-01,8.44,45.09,34.71,21.81,25.94,18.48
1993-03-01,8.84,96.67,52.1,22.63,27.08,19.11
1993-04-01,4.42,171.65,69.44,23.07,27.01,20.0
1993-05-01,2.28,256.54,91.16,23.75,27.27,21.1
1993-06-01,4.43,114.05,53.77,25.0,28.66,21.87
1993-07-01,5.65,87.11,40.24,25.18,29.3,21.64
1993-08-01,6.01,91.76,38.44,25.44,29.57,21.89
1993-09-01,3.35,105.36,32.79,24.95,29.18,21.61
1993-10-01,4.97,65.79,26.91,24.82,28.92,21.44
1993-11-01,9.9,95.97,57.09,23.92,27.75,20.86
1993-12-01,9.76,34.26,18.78,22.98,27.05,19.66
1994-01-01,7.52,45.55,15.86,22.18,26.16,19.04
1994-02-01,14.04,39.71,20.12,22.44,27.0,18.8
1994-03-01,7.03,76.43,32.84,22.63,26.52,19.43
1994-04-01,9.4,96.82,67.45,23.43,27.58,19.95
1994-05-01,4.58,123.81,54.79,24.31,28.2,21.14
1994-06-01,7.65,47.46,15.96,25.14,29.39,21.4
1994-07-01,9.21,37.4,17.28,25.26,29.85,21.53
1994-08-01,4.93,70.38,22.3,25.53,30.02,21.97
1994-09-01,3.67,89.46,28.88,25.08,29.53,21.78
1994-10-01,5.37,140.26,59.46,24.26,28.38,21.33
1994-11-01,6.09,69.17,31.9,23.71,27.64,20.85
1994-12-01,11.68,42.75,20.3,22.84,27.03,19.68
1995-01-01,9.59,24.69,9.07,22.19,26.71,18.68
1995-02-01,10.42,71.73,39.48,22.36,26.72,19.07
1995-03-01,8.58,56.6,25.4,22.11,26.45,18.71
1995-04-01,13.82,44.15,26.01,23.8,28.41,20.02
1995-05-01,6.89,106.11,51.07,24.68,28.92,21.39
1995-06-01,5.0,67.59,36.43,25.5,29.79,21.99
1995-07-01,4.23,105.87,34.63,25.67,29.98,22.37
1995-08-01,4.26,143.21,83.3,25.4,29.57,22.17
1995-09-01,3.49,149.48,73.98,25.11,29.44,21.96
1995-10-01,4.32,98.09,40.57,24.32,28.37,21.32
1995-11-01,6.19,53.69,17.33,23.82,27.99,20.71
1995-12-01,8.31,37.33,14.26,23.16,27.19,19.94
1996-01-01,8.84,44.77,20.1,22.04,26.4,18.7
1996-02-01,9.04,69.71,35.52,22.2,26.37,18.88
1996-03-01,9.27,96.03,47.54,22.56,26.56,19.36
1996-04-01,4.43,92.82,33.83,23.04,26.99,19.62
1996-05-01,5.08,138.88,52.73,23.94,28.22,20.73
1996-06-01,4.34,107.49,44.64,24.64,28.87,21.32
1996-07-01,5.57,88.13,37.93,25.01,29.18,21.71
1996-08-01,3.84,101.29,41.08,25.04,29.46,21.74
1996-09-01,2.68,160.07,59.45,24.75,29.18,21.68
1996-10-01,3.98,103.17,38.71,24.4,28.64,21.31
1996-11-01,5.52,146.79,65.97,23.0,26.62,20.38
1996-12-01,11.98,26.44,12.03,21.44,25.72,18.14
1997-01-01,10.97,34.65,17.16,22.0,26.5,18.64
1997-02-01,11.53,37.69,15.58,22.47,27.11,18.98
1997-03-01,17.17,39.76,17.79,22.98,27.76,19.32
1997-04-01,10.35,39.21,21.06,23.8,28.6,20.01
1997-05-01,8.29,76.79,36.7,24.89,29.71,21.16
1997-06-01,5.73,80.52,39.06,25.64,30.14,22.08
1997-07-01,5.34,73.48,27.85,25.83,30.16,22.29
1997-08-01,4.46,92.23,30.11,25.86,30.36,22.35
1997-09-01,3.94,81.37,27.54,25.98,30.85,22.37
1997-10-01,7.38,127.45,58.79,24.79,29.02,21.85
1997-11-01,10.13,69.03,35.38,24.57,28.99,21.25
1997-12-01,12.54,27.87,13.47,24.01,28.8,20.34
1998-01-01,10.19,55.29,28.39,23.22,27.59,19.95
1998-02-01,12.91,38.36,29.66,23.0,27.8,19.25
1998-03-01,7.68,89.05,42.81,23.47,27.93,20.21
1998-04-01,6.44,57.7,30.98,24.06,28.75,20.48
1998-05-01,5.44,130.27,51.9,24.94,29.28,21.65
1998-06-01,3.71,109.83,39.22,25.86,30.32,22.44
1998-07-01,5.21,78.31,25.28,25.89,30.19,22.44
1998-08-01,4.08,130.99,51.85,25.97,30.39,22.74
1998-09-01,2.99,236.86,151.11,24.97,29.01,22.07
1998-10-01,2.88,146.7,51.81,24.33,28.28,21.62
1998-11-01,5.82,90.68,34.72,23.3,27.19,20.59
1998-12-01,8.76,85.26,44.94,22.72,26.78,19.73
1999-01-01,7.75,43.38,17.97,22.14,26.54,18.87
1999-02-01,12.86,45.09,20.7,21.18,25.91,17.66
1999-03-01,4.77,87.01,41.31,22.28,26.59,19.0
1999-04-01,11.52,36.65,17.0,23.62,28.67,19.7
1999-05-01,3.59,140.42,49.11,24.22,28.74,20.89
1999-06-01,2.39,189.53,73.49,24.49,28.96,21.33
1999-07-01,3.83,86.88,27.87,25.07,29.2,21.72
1999-08-01,3.89,107.29,41.04,25.6,29.96,22.13
1999-09-01,3.89,107.21,38.01,25.21,29.62,21.87
1999-10-01,2.98,142.07,49.65,24.52,28.65,21.4
1999-11-01,4.4,139.97,61.67,23.06,26.82,20.39
1999-12-01,16.03,35.81,20.77,21.45,25.39,18.29
2000-01-01,13.06,37.99,18.86,21.08,25.41,17.66
2000-02-01,10.92,28.53,10.47,21.78,26.08,18.03
2000-03-01,16.78,23.35,11.67,22.02,26.74,17.79
2000-04-01,7.38,65.36,34.67,23.58,27.71,19.68
2000-05-01,4.69,124.59,41.06,24.15,28.05,20.76
2000-06-01,6.83,47.41,20.29,25.36,29.32,21.49
2000-07-01,7.74,58.13,22.3,25.87,30.13,21.86
2000-08-01,4.08,97.03,41.83,25.74,29.82,22.15
2000-09-01,3.11,162.74,59.14,24.96,28.99,21.77
2000-10-01,2.77,125.01,42.71,24.25,28.59,20.96
2000-11-01,11.65,36.78,22.32,23.38,27.53,19.94
2000-12-01,11.59,51.92,26.39,23.04,26.82,19.8
2001-01-01,7.2,45.52,17.6,22.05,25.81,18.82
2001-02-01,12.77,27.2,11.58,22.33,26.67,18.5
2001-03-01,15.12,57.6,36.79,22.97,27.46,19.17
2001-04-01,6.41,73.12,29.08,23.45,27.56,19.8
2001-05-01,4.31,174.4,69.1,24.1,27.95,20.89
2001-06-01,5.25,61.74,23.9,25.19,29.38,21.47
2001-07-01,5.87,80.48,29.93,25.51,29.81,21.88
2001-08-01,4.3,80.2,30.01,25.91,30.22,22.31
2001-09-01,4.11,78.83,27.52,25.33,29.8,21.8
2001-10-01,4.54,109.73,38.46,24.78,28.92,21.69
2001-11-01,8.34,66.99,37.68,23.27,27.17,20.24
2001-12-01,12.41,80.68,36.26,23.05,27.12,20.05
2002-01-01,12.85,28.67,12.66,22.85,27.05,19.38
2002-02-01,14.47,26.26,14.46,22.49,27.05,18.67
2002-03-01,11.77,43.62,22.57,23.1,27.87,19.14
2002-04-01,4.7,101.31,43.03,23.23,27.32,19.73
2002-05-01,8.32,72.49,44.59,24.55,28.45,21.1
2002-06-01,5.87,139.05,85.38,24.9,28.86,21.45
2002-07-01,7.94,58.51,25.85,25.64,29.82,21.98
2002-08-01,3.31,91.55,37.42,25.45,29.87,22.0
2002-09-01,3.36,144.54,52.58,24.98,29.01,21.92
2002-10-01,6.44,79.74,29.25,24.61,28.95,21.25
2002-11-01,12.2,35.06,13.08,24.58,29.05,21.11
2002-12-01,13.22,38.47,34.74,23.32,27.67,19.94
2003-01-01,8.2,48.0,21.58,22.66,26.73,19.44
2003-02-01,11.49,24.65,11.33,22.95,27.15,19.45
2003-03-01,20.87,37.19,28.69,23.9,28.51,20.01
2003-04-01,3.38,148.03,56.13,23.59,27.47,20.47
2003-05-01,9.52,84.9,55.59,24.79,28.95,21.13
2003-06-01,5.69,92.8,32.82,24.92,28.94,21.45
2003-07-01,5.66,74.68,25.53,25.34,29.36,21.93
2003-08-01,4.12,128.73,53.77,25.26,29.35,22.08
2003-09-01,3.45,79.83,25.99,25.2,29.61,21.83
2003-10-01,3.43,173.73,71.66,24.65,28.78,21.71
2003-11-01,5.39,89.8,35.17,23.68,27.28,20.8
2003-12-01,10.21,111.0,89.44,22.4,26.23,19.44
2004-01-01,8.75,41.19,17.9,21.68,25.78,18.3
2004-02-01,14.47,34.25,13.95,22.44,26.67,18.98
2004-03-01,9.47,57.23,29.94,22.69,26.87,19.21
2004-04-01,5.55,120.4,59.35,23.64,27.48,20.38
2004-05-01,3.87,166.21,79.65,24.2,27.68,21.16
2004-06-01,5.48,73.94,27.8,25.32,29.24,21.86
2004-07-01,3.95,105.77,33.51,25.32,29.38,21.94
2004-08-01,4.89,67.8,24.51,25.8,29.89,22.28
2004-09-01,3.15,210.44,119.48,25.1,28.83,22.14
2004-10-01,4.49,96.77,35.33,24.61,28.77,21.36
2004-11-01,10.04,62.58,32.3,22.93,26.83,19.77
2004-12-01,14.47,58.02,33.77,22.86,26.84,19.57
2005-01-01,10.03,56.85,20.85,21.65,25.44,18.58
2005-02-01,14.72,14.59,6.8,21.38,26.07,17.52
2005-03-01,20.81,17.67,11.25,24.28,28.9,20.33
2005-04-01,18.62,99.26,53.82,24.52,28.65,21.1
2005-05-01,5.57,242.94,94.75,24.86,28.76,22.03
2005-06-01,4.0,176.9,73.85,25.4,29.1,22.41
2005-07-01,3.74,145.26,64.51,25.6,29.44,22.59
2005-08-01,3.43,150.05,53.58,25.58,29.81,22.54
2005-09-01,4.1,125.65,52.64,25.71,29.99,22.58
2005-10-01,2.81,257.09,116.73,24.64,28.3,22.23
2005-11-01,6.72,64.51,24.52,24.06,28.22,21.04
2005-12-01,14.0,28.84,11.65,22.74,27.13,19.38
2006-01-01,10.58,39.45,17.55,22.09,26.5,18.61
2006-02-01,14.51,40.99,26.0,22.45,26.88,18.83
2006-03-01,12.28,53.43,33.4,23.04,27.54,19.38
2006-04-01,4.2,131.58,51.54,23.38,27.36,20.27
2006-05-01,7.96,88.27,46.13,24.73,28.7,21.55
2006-06-01,3.96,129.31,51.14,25.34,29.23,22.41
2006-07-01,2.81,129.34,39.75,25.29,29.24,22.31
2006-08-01,3.41,143.11,62.17,25.53,29.58,22.51
2006-09-01,4.0,91.43,32.09,25.71,30.15,22.39
2006-10-01,3.72,101.27,35.48,25.36,29.53,22.4
2006-11-01,5.39,61.17,25.01,24.29,28.25,21.15
2006-12-01,9.62,39.68,14.09,23.43,27.65,20.15
2007-01-01,16.58,29.1,13.31,22.57,27.0,18.66
2007-02-01,17.79,31.26,13.23,23.39,27.9,19.49
2007-03-01,8.25,137.01,66.07,23.21,27.46,19.89
2007-04-01,5.78,80.58,33.59,23.99,27.97,20.94
2007-05-01,3.66,186.95,65.3,24.76,28.7,21.77
2007-06-01,5.0,101.29,40.18,25.66,29.61,22.42
2007-07-01,4.47,86.45,36.39,25.86,30.11,22.39
2007-08-01,4.58,144.31,54.84,25.63,29.7,22.54
2007-09-01,3.51,92.67,39.77,25.31,29.64,22.13
2007-10-01,4.46,280.65,170.62,24.45,28.13,21.93
2007-11-01,5.92,78.36,57.08,23.65,27.61,20.76
2007-12-01,10.98,89.36,68.22,22.55,26.72,19.29
2008-01-01,11.25,51.4,29.53,21.66,26.05,17.91
2008-02-01,12.93,21.02,7.14,22.27,26.83,18.44
2008-03-01,17.22,28.46,21.47,22.73,27.31,18.84
2008-04-01,6.43,115.52,49.21,23.33,27.44,20.21
2008-05-01,7.28,103.7,53.29,24.47,28.38,21.31
2008-06-01,6.06,113.96,47.88,25.02,28.88,21.84
2008-07-01,7.15,52.13,24.42,25.88,30.11,22.38
2008-08-01,5.67,191.9,100.44,25.94,30.09,22.7
2008-09-01,2.28,239.85,113.85,25.18,29.03,22.42
2008-10-01,4.85,78.5,33.89,24.81,28.75,21.87
2008-11-01,5.02,90.0,41.83,23.42,27.01,20.7
2008-12-01,14.37,34.05,13.53,22.2,26.38,18.74
2009-01-01,9.86,43.49,24.16,22.39,26.57,18.91
2009-02-01,9.47,78.18,48.55,21.71,25.87,18.24
2009-03-01,10.68,66.34,31.87,21.61,25.57,18.33
2009-04-01,7.4,74.34,32.17,23.55,27.38,20.35
2009-05-01,4.41,213.8,81.63,23.86,27.55,21.03
2009-06-01,4.46,128.72,41.89,24.95,28.66,22.08
2009-07-01,6.53,75.69,33.41,25.93,29.76,22.81
2009-08-01,4.94,76.55,25.02,25.78,29.78,22.59
2009-09-01,3.85,104.88,40.06,25.69,30.32,22.52
2009-10-01,4.96,62.43,21.72,25.47,29.62,22.4
2009-11-01,8.45,46.61,19.93,24.46,28.74,21.13
2009-12-01,13.08,57.36,38.1,23.83,28.02,20.45
2010-01-01,9.11,55.84,26.86,22.74,26.52,19.67
2010-02-01,12.95,35.69,15.76,23.72,27.98,20.19
2010-03-01,8.6,53.56,25.87,24.11,28.17,20.97
2010-04-01,6.64,75.15,41.73,24.43,28.17,21.48
2010-05-01,4.48,219.11,90.74,25.2,28.81,22.42
2010-06-01,3.67,187.05,94.68,25.58,29.35,22.77
2010-07-01,3.74,174.65,86.54,25.71,29.55,22.73
2010-08-01,3.85,109.3,45.05,26.0,30.13,22.92
2010-09-01,2.99,148.07,65.81,25.42,29.56,22.5
2010-10-01,4.53,128.52,59.57,25.07,29.28,22.03
2010-11-01,9.63,92.01,59.55,23.17,26.91,20.33
2010-12-01,11.65,52.96,25.08,21.62,25.53,18.54
2011-01-01,14.08,20.19,9.85,22.42,26.91,18.79
2011-02-01,16.55,35.31,22.48,22.56,27.18,18.74
2011-03-01,16.11,23.15,9.45,22.58,27.24,18.55
2011-04-01,11.09,50.99,21.66,23.87,28.4,20.06
2011-05-01,6.03,179.88,70.39,24.24,28.2,21.33
2011-06-01,4.07,192.11,98.95,25.41,29.11,22.55
2011-07-01,3.63,177.02,63.6,25.1,28.91,22.25
2011-08-01,3.49,186.94,86.08,25.62,29.41,22.75
2011-09-01,2.76,142.66,49.78,25.33,29.52,22.36
2011-10-01,3.63,104.41,46.99,24.83,28.81,21.93
2011-11-01,6.55,73.03,30.95,23.72,27.88,20.74
2011-12-01,11.43,34.74,13.41,22.54,26.82,19.11
2012-01-01,11.32,40.89,16.39,22.08,26.33,18.57
2012-02-01,15.52,38.03,20.8,22.54,27.03,18.86
2012-03-01,8.78,71.24,26.93,22.6,27.07,19.08
2012-04-01,6.27,175.77,77.06,23.35,27.15,20.55
2012-05-01,5.9,120.49,51.08,24.42,28.18,21.61
2012-06-01,8.61,64.43,38.11,25.72,29.69,22.29
2012-07-01,4.84,84.65,31.41,25.84,29.92,22.49
2012-08-01,3.5,214.41,134.41,25.33,29.11,22.42
2012-09-01,6.68,73.27,28.25,25.59,29.81,22.33
2012-10-01,3.41,216.74,121.02,24.93,28.75,22.18
2012-11-01,3.83,104.29,37.91,23.99,27.74,21.36
2012-12-01,9.78,49.29,24.43,22.69,26.65,19.43
2013-01-01,15.16,27.08,8.77,22.51,26.78,18.99
2013-02-01,14.76,15.27,8.0,22.76,27.6,18.44
2013-03-01,14.23,63.72,31.24,23.1,27.11,19.83
2013-04-01,8.61,45.19,22.02,24.26,28.35,20.87
2013-05-01,3.88,183.61,56.11,24.45,28.42,21.61
2013-06-01,3.88,100.57,31.16,25.09,28.85,22.16
2013-07-01,5.28,105.96,51.28,25.34,29.22,22.23
2013-08-01,5.18,86.84,29.96,25.86,29.98,22.67
2013-09-01,3.66,118.47,47.96,25.58,29.67,22.5
2013-10-01,3.17,127.28,40.49,24.85,28.82,22.02
2013-11-01,8.0,65.96,39.58,24.05,27.98,20.94
2013-12-01,11.34,42.06,14.28,23.04,27.1,19.72
2014-01-01,12.09,24.12,8.99,22.8,27.13,19.21
2014-02-01,12.49,25.93,14.17,23.05,27.21,19.51
2014-03-01,9.08,33.6,13.23,23.54,27.78,19.84
2014-04-01,7.58,54.82,25.26,24.47,28.44,21.24
2014-05-01,5.22,116.95,47.55,24.28,27.92,21.34
2014-06-01,8.53,39.89,17.91,25.8,29.64,22.62
2014-07-01,7.42,59.86,23.34,26.08,30.19,22.76
2014-08-01,5.33,122.88,59.82,25.87,29.88,22.88
2014-09-01,3.35,105.26,37.12,25.19,29.45,22.23
2014-10-01,9.19,78.81,36.41,25.17,29.64,21.79
2014-11-01,8.12,99.79,51.56,23.94,27.93,20.98
2014-12-01,11.93,47.77,23.53,22.74,26.87,19.34
2015-01-01,10.26,59.8,40.5,22.7,26.72,19.3
2015-02-01,5.83,74.66,43.41,22.76,26.71,19.56
2015-03-01,12.49,39.48,16.35,23.2,27.29,19.71
2015-04-01,14.42,27.23,16.35,24.5,28.76,21.05
2015-05-01,19.63,72.42,40.02,25.13,29.33,21.75
2015-06-01,6.05,69.1,32.53,25.77,29.85,22.49
2015-07-01,8.9,41.09,14.66,26.21,30.38,22.72
2015-08-01,9.13,97.79,62.46,26.58,30.78,23.17
2015-09-01,5.07,89.99,35.93,26.13,30.44,22.93
2015-10-01,6.66,88.36,39.06,25.76,30.17,22.64
2015-11-01,8.33,73.27,28.78,24.16,28.12,21.12
2015-12-01,8.96,40.03,16.04,23.69,27.55,20.77
2016-01-01,11.46,28.19,13.99,22.85,27.25,19.11
2016-02-01,8.97,36.19,15.12,23.04,27.22,19.5
2016-03-01,10.57,51.86,30.85,23.81,27.98,20.4
2016-04-01,8.0,165.36,81.8,24.26,28.19,21.33
2016-05-01,4.12,164.88,66.65,24.82,28.54,22.07
2016-06-01,5.55,94.48,51.38,25.38,29.17,22.5
2016-07-01,5.16,72.14,26.55,26.01,30.06,22.82
2016-08-01,5.77,127.8,57.65,25.81,29.87,22.74
2016-09-01,5.08,70.87,26.8,25.92,30.12,22.65
2016-10-01,3.06,215.09,94.91,25.15,28.97,22.6
2016-11-01,2.19,207.01,74.99,23.86,27.31,21.56
2016-12-01,10.32,44.25,14.22,23.54,27.59,20.37
2017-01-01,11.13,42.76,25.19,21.99,26.5,18.09
2017-02-01,9.8,34.04,12.78,22.96,27.0,19.51
2017-03-01,7.8,104.91,59.57,23.06,27.07,19.93
2017-04-01,5.68,187.36,89.97,23.8,27.39,21.11
2017-05-01,5.64,120.13,73.14,24.76,28.42,21.99
2017-06-01,5.38,75.74,28.77,25.6,29.43,22.65
2017-07-01,4.01,102.28,36.45,25.91,29.85,23.01
2017-08-01,2.82,114.19,37.7,26.29,30.39,23.23
2017-09-01,3.06,200.66,84.43,25.88,29.87,23.1
2017-10-01,5.08,125.91,50.8,25.1,29.14,22.22
2017-11-01,4.52,185.95,92.83,24.12,27.84,21.5
2017-12-01,11.33,33.55,13.42,23.38,27.72,19.95
2018-01-01,6.54,83.27,41.95,22.89,26.58,20.05
2018-02-01,11.86,49.17,18.15,22.12,26.35,18.68
2018-03-01,9.75,42.15,22.46,23.03,27.33,19.4
2018-04-01,5.77,78.74,28.52,24.08,28.06,21.03
2018-05-01,5.88,82.72,32.72,24.48,28.09,21.7
2018-06-01,8.55,60.73,30.99,25.59,29.48,22.47
2018-07-01,7.87,59.14,23.83,26.08,30.09,22.91
2018-08-01,5.2,94.54,36.19,25.87,30.07,22.73
2018-09-01,3.83,103.31,41.49,25.5,29.67,22.5
2018-10-01,7.28,148.56,66.95,24.56,28.67,21.66
2018-11-01,7.65,61.84,28.29,24.37,28.69,21.03
2018-12-01,14.67,22.42,9.98,23.41,28.02,19.61
2019-01-01,9.96,26.65,11.97,22.63,27.2,18.75
2019-02-01,12.49,24.72,9.72,23.16,27.62,19.44
2019-03-01,11.89,79.47,50.04,23.39,27.7,19.85
2019-04-01,9.08,51.34,24.72,24.26,28.41,21.0
2019-05-01,6.25,134.03,59.87,24.98,28.9,22.19
2019-06-01,5.72,72.24,30.66,25.82,29.85,22.75
2019-07-01,6.6,74.46,39.61,26.1,30.28,22.81
2019-08-01,5.07,71.08,35.99,26.36,30.68,23.11
2019-09-01,3.98,190.67,79.34,25.81,29.97,22.91
2019-10-01,6.43,68.2,43.8,25.21,29.37,21.97
2019-11-01,9.59,39.59,16.76,24.41,28.63,21.05
2019-12-01,8.2,53.08,22.22,23.76,27.81,20.56
2020-01-01,10.62,40.01,17.24,23.07,27.21,19.6
2020-02-01,10.89,39.6,24.19,23.39,27.55,19.96
2020-03-01,5.96,100.06,50.56,22.88,26.9,19.6
2020-04-01,11.76,31.67,16.02,25.22,29.4,21.9
2020-05-01,9.38,87.11,37.61,25.67,29.68,22.7
2020-06-01,6.58,52.04,24.14,26.33,30.31,23.17
2020-07-01,4.56,117.66,56.5,26.38,30.4,23.17
2020-08-01,7.46,117.39,92.19,26.47,30.44,23.4
2020-09-01,3.72,108.0,37.73,25.75,30.07,22.75
2020-10-01,4.26,95.46,36.96,25.45,29.71,22.49
2020-11-01,4.29,172.54,80.96,23.85,27.63,21.22
2020-12-01,9.62,42.41,19.42,22.93,27.07,19.5
2021-01-01,12.43,24.04,13.98,22.71,27.16,18.97
2021-02-01,11.59,32.89,15.67,23.04,27.56,19.56
2021-03-01,10.87,76.01,41.53,23.03,27.43,19.45
2021-04-01,8.48,76.73,45.35,23.79,27.9,20.45
2021-05-01,6.15,80.82,33.34,24.85,29.08,21.52
2021-06-01,4.74,107.65,43.3,25.03,29.01,22.08
2021-07-01,4.46,108.18,39.34,25.6,29.6,22.46
2021-08-01,6.29,129.2,70.49,25.89,29.96,22.67
2021-09-01,7.21,83.01,34.88,25.84,30.24,22.57
2021-10-01,6.49,122.72,52.27,24.99,29.28,21.85
2021-11-01,10.33,38.15,17.23,24.41,28.89,20.74
2021-12-01,13.9,35.96,15.4,23.41,27.87,19.77
2022-01-01,12.62,26.36,19.19,22.79,27.61,18.4
2022-02-01,9.2,55.04,31.75,22.59,27.05,18.96
2022-03-01,10.49,67.06,28.85,23.38,27.77,19.94
2022-04-01,6.51,123.21,85.54,23.58,27.66,20.16
2022-05-01,5.29,96.49,50.54,24.88,29.05,21.7
2022-06-01,6.07,59.65,27.12,25.74,29.97,22.4
2022-07-01,4.92,92.57,34.09,25.56,29.63,22.31
2022-08-01,5.76,84.25,29.53,25.93,30.08,22.88
2022-09-01,3.06,149.32,64.3,25.69,29.89,22.71
2022-10-01,4.64,98.87,47.12,25.15,29.43,22.01
2022-11-01,9.93,71.31,45.36,24.43,28.77,21.03
2022-12-01,20.04,16.83,8.07,22.72,27.49,18.7
2023-01-01,12.5,40.99,19.16,22.28,27.0,18.43
2023-02-01,16.93,16.77,7.18,22.75,27.64,18.51
2023-03-01,20.5,30.56,19.21,23.51,28.38,19.26
2023-04-01,12.07,76.61,34.13,24.25,28.59,20.9
2023-05-01,7.53,137.17,68.21,25.58,29.72,22.59
2023-06-01,8.26,66.56,36.18,26.77,30.65,23.83
2023-07-01,6.29,65.58,26.2,26.97,31.26,23.75
2023-08-01,4.33,209.48,115.7,26.71,30.91,23.81
2023-09-01,4.15,85.84,31.05,26.73,30.97,23.64
2023-10-01,5.39,112.72,43.49,26.27,30.33,23.34
2023-11-01,6.25,76.47,42.81,25.1,29.1,22.17
2023-12-01,13.03,63.42,37.51,23.64,27.61,20.56
